{
  "city_en": "Beijing",
  "city_center_lon": 116.4074,
  "city_center_lat": 39.9042,
  "grid_size_m": 1000,
  "hull_bounds_3857": [
    12895060.904316934,
    4785398.709020874,
    13022166.723419093,
    4922830.8096801415
  ],
  "crs": "EPSG:3857"
}