{
  "city_en": "Shenzhen",
  "city_center_lon": 114.0596,
  "city_center_lat": 22.5429,
  "grid_size_m": 500,
  "hull_bounds_3857": [
    12663381.778202556,
    2559631.2631910397,
    12714232.07631896,
    2614894.6522700735
  ],
  "crs": "EPSG:3857"
}