{
  "city": "Beijing",
  "city_center_lon": 116.397,
  "city_center_lat": 39.907,
  "grid_size_m": 750,
  "target_col": "人均受灾小时数_2020",
  "data_bounds_3857": [
    12905872.87013711,
    4807001.1713678,
    13054372.87013711,
    4960751.1713678
  ],
  "xlims_3857": [
    12903872.87013711,
    13056372.87013711
  ],
  "ylims_3857": [
    4805001.1713678,
    4962751.1713678
  ],
  "crs": "EPSG:3857",
  "n_grid_cells": 3516,
  "n_weibo_points": 1215
}