{
  "city_en": "Wuhan",
  "city_center_lon": 114.3055,
  "city_center_lat": 30.5928,
  "grid_size_m": 1000,
  "hull_bounds_3857": [
    12703620.434539601,
    3547029.46917669,
    12761183.29795084,
    3593947.677413956
  ],
  "crs": "EPSG:3857"
}