{
  "city_en": "Xiamen",
  "city_center_lon": 118.0894,
  "city_center_lat": 24.4798,
  "grid_size_m": 500,
  "hull_bounds_3857": [
    13143223.441391544,
    2805165.2654185775,
    13157491.928443464,
    2821786.8756846893
  ],
  "crs": "EPSG:3857"
}