{
  "city_en": "Shanghai",
  "city_center_lon": 121.4737,
  "city_center_lat": 31.2304,
  "grid_size_m": 1000,
  "hull_bounds_3857": [
    13453869.052050965,
    3612680.8822219246,
    13584212.041945394,
    3699273.801191803
  ],
  "crs": "EPSG:3857"
}