{
  "city_en": "Guangzhou",
  "city_center_lon": 113.2644,
  "city_center_lat": 23.1291,
  "grid_size_m": 1000,
  "hull_bounds_3857": [
    12573893.931985186,
    2616159.425880289,
    12646343.996178173,
    2706792.5213812552
  ],
  "crs": "EPSG:3857"
}